archivo	numero	familia	detector	enunciado
EMM/biologia-03-origen-vida.md	107	PERSONA	autoria o merito	En relación con el libro de Biología, ¿quién propuso en 1967 la teoría de endosimbiosis en serie?
EMM/biologia-04-organizacion-celulas.md	53	SIN_ANTECEDENTE	pronombre "le" sin nombrar antes a quién se refiere	En relación con el libro de Biología, ¿qué le ocurrió a la ameba a la que se le eliminó el núcleo por microcirugía?
EMM/biologia-07-metabolismo.md	15	PERSONA	gentilicio de cientifico	En relación con el libro de Biología, ¿qué permitieron establecer de manera inequívoca los trabajos del físico inglés James Joule?
EMM/biologia-07-metabolismo.md	50	PERSONA	autoria o merito	De conformidad con el libro de Biología, ¿quién fue la figura más trascendente que retomó las ideas de Schrödinger?
EMM/biologia-08-glucolisis-respiracion.md	107	PERSONA	autoria o merito	De conformidad con el libro de Biología, ¿quién propuso que la síntesis de ATP era impulsada por un gradiente de protones, y en qué década?
EMM/biologia-14-epigenetica.md	15	VISUAL	esquema/figura/tabla	En relación con el libro de Biología, ¿qué representa el gráfico de la figura 14-1, "El vigoroso campo de la epigenética"?
EMM/biologia-14-epigenetica.md	16	VISUAL	esquema/figura/tabla	De acuerdo con el libro de Biología, ¿qué muestra la figura 14-1 sobre el crecimiento del campo de la epigenética?
EMM/biologia-14-epigenetica.md	46	PERSONA	autoria o merito	De acuerdo con el libro de Biología, ¿quién acuñó el concepto moderno de epigenética y en qué momento?
EMM/biologia-14-epigenetica.md	92	PERSONA	autoria o merito	De conformidad con el libro de Biología, ¿en qué secuencia lineal se plasma el dogma central de la biología molecular, tal como fue propuesto por Francis Crick 
EMM/biologia-14-epigenetica.md	105	PERSONA	autoria o merito	En relación con el libro de Biología, ¿quién propuso la metáfora del *switch* en el contexto del modelo del paisaje epigenético de Conrad Waddington?
EMM/biologia-14-epigenetica.md	127	VISUAL	esquema/figura/tabla	De acuerdo con el libro de Biología, ¿qué muestra la figura 14-7 sobre la neurona y la célula hepática de mamífero?
EMM/biologia-14-epigenetica.md	151	VISUAL	esquema/figura/tabla	De acuerdo con el libro de Biología, ¿qué representan los puntos amarillos de la figura 14-9?
EMM/biologia-15-bases-moleculares-desarrollo.md	4	PERSONA	autoria o merito	De acuerdo con el libro de Biología, ¿quién fue el primero en estudiar el desarrollo de embriones de ave de manera secuencial?
EMM/biologia-15-bases-moleculares-desarrollo.md	16	VISUAL	esquema/figura/tabla	De acuerdo con el libro de Biología, según la representación de los homúnculos de la figura 15-2, ¿qué se encontraba en la cabeza de los espermatozoides?
EMM/biologia-15-bases-moleculares-desarrollo.md	74	PERSONA	autoria o merito	En relación con el libro de Biología, ¿quién propuso el modelo de la bandera francesa para explicar el papel del gradiente de concentración de un morfógeno en l
EMM/biologia-15-bases-moleculares-desarrollo.md	103	PERSONA	gentilicio de cientifico	De conformidad con el libro de Biología, en su trabajo *Materiales para el estudio de la variación*, ¿qué resaltó el científico inglés William Bateson?
EMM/biologia-31-tejidos-organos-sistemas.md	1	PERSONA	autoria o merito	De acuerdo con el libro de Biología, ¿quién fue el primero en disecar un cadáver humano, alrededor del 520 a. C.?
EMM/biologia-32-sistema-nervioso.md	104	VISUAL	esquema/figura/tabla	De acuerdo con el libro de Biología, en los paneles b) y c) de la figura 32-7 se muestran las estructuras químicas de dos neurotransmisores. ¿Cuáles son?
EMM/biologia-32-sistema-nervioso.md	141	VISUAL	esquema/figura/tabla	De acuerdo con el libro de Biología, según la figura 32-9b, cuando un microelectrodo se coloca dentro de la membrana, ¿qué muestra el osciloscopio y cómo se lla
EMM/biologia-32-sistema-nervioso.md	142	VISUAL	esquema/figura/tabla	De acuerdo con el libro de Biología, según la figura 32-9c, cuando el axón es estimulado y el impulso alcanza los microelectrodos, ¿qué muestra el osciloscopio 
EMM/biologia-32-sistema-nervioso.md	193	PERSONA	autoria o merito	De acuerdo con el libro de Biología, ¿quién fue el histólogo español que describió las zonas de comunicación entre neuronas?
EMM/biologia-32-sistema-nervioso.md	194	PERSONA	autoria o merito	De acuerdo con el libro de Biología, ¿quién llamó "sinapsis" a esas zonas, sobre la base de sus experimentos acerca de la velocidad de propagación de la señal e
EMM/biologia-32-sistema-nervioso.md	199	VISUAL	esquema/figura/tabla	De acuerdo con el libro de Biología, según la figura 32-14a, ¿qué muestra la neurona en formación en cultivo?
EMM/biologia-32-sistema-nervioso.md	216	VISUAL	esquema/figura/tabla	De acuerdo con el libro de Biología, según la figura 32-16, ¿qué se observa en las terminales axónicas que forman sinapsis con la dendrita?
EMM/quimica-02-atomos-moleculas-iones.md	1	PERSONA	gentilicio de cientifico	De acuerdo con el libro de Química, ¿qué creencia expresó el filósofo griego Demócrito en el siglo V a.C. sobre la materia?
EMM/quimica-02-atomos-moleculas-iones.md	4	PERSONA	autoria o merito	En relación con el libro de Química, ¿quién formuló en 1808 una definición precisa de los bloques de construcción indivisibles de la materia que llamamos átomos
EMM/quimica-02-atomos-moleculas-iones.md	19	PERSONA	gentilicio de cientifico	De conformidad con el libro de Química, ¿qué determinó el físico inglés J. J. Thomson usando un tubo de rayos catódicos?
EMM/quimica-05-gases.md	12	VISUAL	esquema/figura/tabla	En relación con el libro de Química, de los gases enumerados en la tabla 5.1, ¿cuál es el único esencial para nuestra supervivencia?
EMM/quimica-05-gases.md	13	VISUAL	esquema/figura/tabla	De acuerdo con el libro de Química, ¿qué dos gases de la tabla 5.1 son venenos mortales?
EMM/quimica-05-gases.md	25	PERSONA	autoria o merito	De acuerdo con el libro de Química, ¿quién formuló la segunda ley del movimiento, de la cual se derivan las unidades de presión?
EMM/quimica-05-gases.md	102	VISUAL	esquema/figura/tabla	De conformidad con el libro de Química, ¿con qué objeto se compara el volumen molar en STP en la figura 5.11?
HCM/historia-06-mundo-contemporaneo.md	138	PERSONA	autoria o merito	De conformidad con el libro de Historia Universal, ¿quién fue el Emir de Kuwait desde 1977, exiliado al momento de la invasión iraquí?
HCM/historia-06-mundo-contemporaneo.md	186	PERSONA	autoria o merito	De acuerdo con el libro de Historia Universal, ¿quién fue el ganador indiscutible de la guerra?
HCM/historia-06-mundo-contemporaneo.md	569	PERSONA	autoria o merito	En relación con el libro de Historia Universal, ¿quién fue postulado a la vicepresidencia de Brasil y por qué partido?
HCM/historia-06-mundo-contemporaneo.md	578	PERSONA	nacimiento o muerte	En relación con el libro de Historia Universal, ¿qué era distinto cuando nació el plan del ALCA?
algebra-baldor/algebra-00-preliminares.md	113	PERSONA	autoria o merito	En relación con el libro de Álgebra, ¿quién fue el primero en comprender la verdadera naturaleza de los números negativos?
algebra-baldor/algebra-00-preliminares.md	124	VISUAL	esquema/figura/tabla	De acuerdo con el diagrama de clases de números del libro de Álgebra, ¿en qué se dividen los números racionales?
algebra-baldor/algebra-01-suma.md	9	PERSONA	autoria o merito	En relación con el libro de Álgebra, ¿a quién se debe el papiro de Rhind?
algebra-baldor/algebra-03-signos-agrupacion.md	1	PERSONA	autoria o merito	De conformidad con el libro de Álgebra, ¿quién fue Thales de Mileto?
algebra-baldor/algebra-04-multiplicacion.md	1	PERSONA	nacimiento o muerte	En relación con el libro de Álgebra, ¿dónde nació y dónde murió Pitágoras?
algebra-baldor/algebra-20-funciones.md	8	PERSONA	autoria o merito	En relación con el libro de Álgebra, ¿a quién se debe la definición moderna de función?
algebra-baldor/algebra-28-potenciacion.md	17	PERSONA	autoria o merito	En relación con el libro de Álgebra, ¿quién descubrió la fórmula que permite elevar un binomio a una potencia cualquiera directamente, sin hallar las potencias 
calculo-salazar/calculo-03-la-derivada-de-una-funcion.md	203	PLANTILLA	apertura fuera de las establecidas	¿Cuál es la definición formal de que una función y = f(x) es decreciente en un intervalo I = (a, b), según el libro de Cálculo?
calculo-salazar/calculo-03-la-derivada-de-una-funcion.md	204	PLANTILLA	apertura fuera de las establecidas	De acuerdo con el libro, si f'(x) > 0 en un intervalo I, ¿qué se puede afirmar de la función y del ángulo que forma la tangente con la horizontal?
calculo-salazar/calculo-03-la-derivada-de-una-funcion.md	205	PLANTILLA	apertura fuera de las establecidas	Según el libro, si f'(x) < 0 en un intervalo I, ¿qué ocurre con la función y con el ángulo que forma la tangente con la horizontal?
calculo-salazar/calculo-03-la-derivada-de-una-funcion.md	206	PLANTILLA	apertura fuera de las establecidas	Conforme al libro, sea una función y = f(x) continua en el intervalo I = [a, b], ¿cómo define el máximo relativo de la función en el punto x ∈ I?
calculo-salazar/calculo-03-la-derivada-de-una-funcion.md	207	PLANTILLA	apertura fuera de las establecidas	¿Cómo define el libro el mínimo relativo de la función y = f(x) en el punto x ∈ I?
calculo-salazar/calculo-03-la-derivada-de-una-funcion.md	208	PLANTILLA	apertura fuera de las establecidas	Según el libro, ¿por qué a estos puntos máximos y mínimos se les llama "relativos"?
calculo-salazar/calculo-03-la-derivada-de-una-funcion.md	209	PLANTILLA	apertura fuera de las establecidas	En el método de la primera derivada, ¿cuándo será máximo un punto según el libro?
calculo-salazar/calculo-03-la-derivada-de-una-funcion.md	210	PLANTILLA	apertura fuera de las establecidas	En el método de la primera derivada, ¿cuándo será mínimo un punto conforme al libro?
calculo-salazar/calculo-03-la-derivada-de-una-funcion.md	211	PLANTILLA	apertura fuera de las establecidas	En el método de la segunda derivada, si el valor obtenido en la segunda derivada es mayor que cero, ¿qué representa ese punto según el libro?
calculo-salazar/calculo-03-la-derivada-de-una-funcion.md	212	PLANTILLA	apertura fuera de las establecidas	En el método de la segunda derivada, si el valor obtenido en la segunda derivada es menor que cero, ¿qué representa ese punto?
calculo-salazar/calculo-03-la-derivada-de-una-funcion.md	213	PLANTILLA	apertura fuera de las establecidas	Según el libro, cuando se tiene una ecuación de segundo grado, ¿qué ventaja ofrece la segunda derivada para el método de máximos y mínimos?
calculo-salazar/calculo-03-la-derivada-de-una-funcion.md	215	PLANTILLA	apertura fuera de las establecidas	Según el libro, en el procedimiento para obtener el punto de inflexión, ¿qué se hace con el valor que se obtiene al igualar a cero la segunda derivada?
calculo-salazar/calculo-03-la-derivada-de-una-funcion.md	216	PLANTILLA	apertura fuera de las establecidas	De acuerdo con el libro, ¿por qué una curva de segundo grado (parábola) no tiene punto de inflexión?
calculo-salazar/calculo-03-la-derivada-de-una-funcion.md	217	PLANTILLA	apertura fuera de las establecidas	¿Cómo define el libro una concavidad?
calculo-salazar/calculo-03-la-derivada-de-una-funcion.md	218	PLANTILLA	apertura fuera de las establecidas	Según el libro, ¿cómo se determina si una curva es cóncava hacia arriba o hacia abajo?
calculo-salazar/calculo-03-la-derivada-de-una-funcion.md	219	PLANTILLA	apertura fuera de las establecidas	Conforme a la tabla resumen del libro, ¿qué indica que f'(x) = 0?
calculo-salazar/calculo-03-la-derivada-de-una-funcion.md	220	PLANTILLA	apertura fuera de las establecidas	Conforme a la tabla resumen del libro, ¿qué indica que f''(x) = 0?
calculo-salazar/calculo-03-la-derivada-de-una-funcion.md	222	PLANTILLA	apertura fuera de las establecidas	Conforme al libro, en el subtema 3.6 "Notaciones de la derivada", ¿cuáles son las cuatro notaciones que presenta para la derivada?
calculo-salazar/calculo-03-la-derivada-de-una-funcion.md	223	PLANTILLA	apertura fuera de las establecidas	¿Cómo define el libro la diferencial de una función?
calculo-salazar/calculo-03-la-derivada-de-una-funcion.md	224	PLANTILLA	apertura fuera de las establecidas	Según el libro, ¿con qué otro nombre se conoce el concepto de la diferencial?
calculo-salazar/calculo-03-la-derivada-de-una-funcion.md	225	PLANTILLA	apertura fuera de las establecidas	Según el libro, ¿qué relación hay entre el tamaño del incremento de la variable independiente y la exactitud de la diferencial como aproximación?
calculo-salazar/calculo-03-la-derivada-de-una-funcion.md	226	PLANTILLA	apertura fuera de las establecidas	¿Cuál es la fórmula de linealización que presenta el libro para aproximar f(x ± Δx)?
espanol-zarzar/espanol-03-proceso-escritura.md	88	VISUAL	esquema/figura/tabla	De acuerdo con el libro de Taller de Lectura y Redacción 1, según la tabla de ejemplos de conectores textuales, ¿qué significado tiene el conector "Sin embargo…
espanol-zarzar/espanol-03-proceso-escritura.md	89	VISUAL	esquema/figura/tabla	De acuerdo con el libro de Taller de Lectura y Redacción 1, según la tabla de ejemplos de conectores textuales, ¿qué significado tiene el conector "En contrapos
espanol-zarzar/espanol-03-proceso-escritura.md	90	VISUAL	esquema/figura/tabla	De acuerdo con el libro de Taller de Lectura y Redacción 1, según la tabla de ejemplos de conectores textuales, ¿qué significado tiene el conector "Dicho de otr
espanol-zarzar/espanol-06-textos-expositivos.md	4	VISUAL	esquema/figura/tabla	De acuerdo con el diagrama del libro de Taller de Lectura y Redacción 1, ¿qué determina la situación comunicativa?
espanol-zarzar/espanol-06-textos-expositivos.md	5	VISUAL	esquema/figura/tabla	De acuerdo con el diagrama del libro de Taller de Lectura y Redacción 1, ¿de qué dependen las características del texto?
espanol-zarzar/espanol-06-textos-expositivos.md	27	LIBRO	bibliografia o fuentes	De acuerdo con el libro de Taller de Lectura y Redacción 1, ¿cómo se enlistan las fuentes en la bibliografía final, y de qué carácter pueden ser?
fisica-perez-montiel/fisica-03-vectores.md	6	PLANTILLA	apertura fuera de las establecidas	De acuerdo con la nota del libro de Física, algunos autores sólo manejan tres características de un vector. ¿Cuáles son?
fisica-perez-montiel/fisica-03-vectores.md	7	PLANTILLA	apertura fuera de las establecidas	De acuerdo con la nota del libro de Física, cuando se manejan sólo tres características, ¿cómo se define la dirección?
fisica-perez-montiel/fisica-03-vectores.md	19	PLANTILLA	apertura fuera de las establecidas	De acuerdo con la propiedad de adición del libro de Física, ¿bajo qué condición se pueden sumar dos o más vectores?
fisica-perez-montiel/fisica-03-vectores.md	22	PLANTILLA	apertura fuera de las establecidas	De acuerdo con la ley conmutativa de la adición de vectores, ¿qué sucede cuando se suman dos vectores?
fisica-perez-montiel/fisica-03-vectores.md	23	PLANTILLA	apertura fuera de las establecidas	De acuerdo con la propiedad de transmisibilidad del punto de aplicación, ¿qué ocurre con el efecto externo de un vector deslizante?
fisica-perez-montiel/fisica-03-vectores.md	24	PLANTILLA	apertura fuera de las establecidas	De acuerdo con la propiedad de los vectores libres, ¿qué ocurre con los vectores al trasladarlos?
fisica-perez-montiel/fisica-04-cinematica.md	3	PLANTILLA	apertura fuera de las establecidas	De acuerdo con el ejemplo del libro de Física, si una persona camina 10 m al norte y 10 m al sur para regresar al mismo punto de donde partió, ¿cuál es su dista
fisica-perez-montiel/fisica-04-cinematica.md	4	PLANTILLA	apertura fuera de las establecidas	De acuerdo con el ejemplo del libro de Física, ¿por qué el desplazamiento de esa persona es igual a cero?
fisica-perez-montiel/fisica-04-cinematica.md	10	PLANTILLA	apertura fuera de las establecidas	De acuerdo con la conclusión del libro de Física, cuando en Física se habla de velocidad, ¿a qué se refiere?
fisica-perez-montiel/fisica-04-cinematica.md	19	PLANTILLA	apertura fuera de las establecidas	En relación con el ejemplo del libro de Física, al suponer como una partícula el balón de futbol que es pateado, ¿qué se logra?
fisica-perez-montiel/fisica-04-cinematica.md	24	PLANTILLA	apertura fuera de las establecidas	De conformidad con el ejemplo del libro de Física, si en 1 segundo un móvil se desplaza 2 metros, en 2 segundos 4 metros y en 3 segundos 6 metros, ¿qué se obser
fisica-perez-montiel/fisica-04-cinematica.md	28	VISUAL	esquema/figura/tabla	En relación con el libro de Física, ¿qué ocurre mientras mayor es la pendiente de la recta en la gráfica desplazamiento-tiempo?
fisica-perez-montiel/fisica-04-cinematica.md	33	PLANTILLA	apertura fuera de las establecidas	De conformidad con el ejemplo del libro de Física, si de la Ciudad de México a la de Puebla se hace en autobús una hora treinta minutos al recorrer la distancia
fisica-perez-montiel/fisica-04-cinematica.md	38	PLANTILLA	apertura fuera de las establecidas	De acuerdo con el ejemplo del libro de Física, ¿qué le ocurre a un auto de carreras al acercarse a una curva?
fisica-perez-montiel/fisica-04-cinematica.md	43	PLANTILLA	apertura fuera de las establecidas	En relación con la conclusión del libro de Física, ¿qué representa la aceleración?
fisica-perez-montiel/fisica-04-cinematica.md	49	PLANTILLA	apertura fuera de las establecidas	En relación con el ejemplo del libro de Física, si un automóvil que viaja en línea recta lleva 2 m/s al primer segundo, 4 m/s al segundo segundo y 6 m/s al terc
fisica-perez-montiel/fisica-04-cinematica.md	58	PLANTILLA	apertura fuera de las establecidas	En relación con el experimento del libro de Física, si dejamos caer una hoja de papel y un cuaderno, ¿qué se observa?
fisica-perez-montiel/fisica-04-cinematica.md	59	PLANTILLA	apertura fuera de las establecidas	De acuerdo con el experimento del libro de Física, ¿por qué al comprimir la hoja de papel en una bolita ambos cuerpos caen verticalmente y al mismo tiempo?
fisica-perez-montiel/fisica-04-cinematica.md	61	PERSONA	gentilicio de cientifico	En relación con el libro de Física, ¿qué demostró el científico italiano Galileo Galilei en 1590?
fisica-perez-montiel/fisica-04-cinematica.md	76	PLANTILLA	apertura fuera de las establecidas	En relación con la conclusión del libro de Física, ¿qué leyes y qué ecuaciones sigue el tiro vertical?
fisica-perez-montiel/fisica-04-cinematica.md	87	PLANTILLA	apertura fuera de las establecidas	De conformidad con el pie de figura del libro de Física, ¿qué se observa en las componentes de la velocidad de un cuerpo que sigue una trayectoria parabólica ho
fisica-perez-montiel/fisica-04-cinematica.md	89	PLANTILLA	apertura fuera de las establecidas	De acuerdo con los ejemplos del libro de Física, ¿qué trayectorias corresponden a un tiro parabólico oblicuo?
fisica-perez-montiel/fisica-04-cinematica.md	91	PLANTILLA	apertura fuera de las establecidas	En relación con el ejemplo del libro de Física, ¿con qué ángulo de tiro tiene un cuerpo el mismo alcance horizontal que uno lanzado con un ángulo de 30°?
fisica-perez-montiel/fisica-04-cinematica.md	93	PLANTILLA	apertura fuera de las establecidas	De conformidad con la conclusión del libro de Física, ¿qué sucede cuanto mayor es el ángulo de tiro respecto al eje horizontal?
fisica-perez-montiel/fisica-04-cinematica.md	94	PLANTILLA	apertura fuera de las establecidas	En relación con el pie de figura del libro de Física, ¿para qué pares de ángulos es el mismo el alcance horizontal del cuerpo?
fisica-perez-montiel/fisica-04-cinematica.md	100	PLANTILLA	apertura fuera de las establecidas	En relación con los ejemplos del libro de Física, ¿qué casos cotidianos corresponden a un movimiento circular?
fisica-perez-montiel/fisica-05-dinamica.md	3	PERSONA	gentilicio de cientifico	De acuerdo con el libro de Física, ¿qué señalaba erróneamente el filósofo griego Aristóteles?
fisica-perez-montiel/fisica-05-dinamica.md	47	PLANTILLA	apertura fuera de las establecidas	De acuerdo con la conclusión del libro de Física, ¿cuándo tiene energía un cuerpo?
fisica-perez-montiel/fisica-05-dinamica.md	57	PLANTILLA	apertura fuera de las establecidas	De acuerdo con los ejemplos del libro de Física, ¿qué cuerpos tienen movimiento de traslación y de rotación a la vez?
fisica-perez-montiel/fisica-05-dinamica.md	96	PERSONA	gentilicio de cientifico	En relación con el libro de Física, ¿qué logró Hiparco, astrónomo griego que vivió en 125 a. C. aproximadamente?
fisica-perez-montiel/fisica-05-dinamica.md	100	PERSONA	gentilicio de cientifico	De acuerdo con el libro de Física, ¿qué propuso Nicolás Copérnico, astrónomo polaco (1473-1543)?
fisica-perez-montiel/fisica-05-dinamica.md	101	PERSONA	gentilicio de cientifico	De conformidad con el libro de Física, ¿qué había dicho Aristarco, astrónomo griego del siglo III a. C.?
fisica-perez-montiel/fisica-05-dinamica.md	102	PERSONA	gentilicio de cientifico	En relación con el libro de Física, ¿qué logró descubrir y calcular Tycho Brahe, astrónomo danés (1546-1601)?
fisica-perez-montiel/fisica-05-dinamica.md	103	PERSONA	gentilicio de cientifico	De acuerdo con el libro de Física, ¿qué pudo descubrir Johannes Kepler, astrónomo alemán (1571-1630), sobre el movimiento de los planetas?
fisica-perez-montiel/fisica-05-dinamica.md	107	PLANTILLA	apertura fuera de las establecidas	De conformidad con el ejemplo del libro de Física, ¿a qué distancia del Sol está Mercurio, cuánto tarda en recorrer su órbita y con qué velocidad media?
fisica-perez-montiel/fisica-05-dinamica.md	108	PLANTILLA	apertura fuera de las establecidas	En relación con el ejemplo del libro de Física, ¿a qué distancia del Sol está la Tierra y con qué velocidad media recorre su órbita?
fisica-perez-montiel/fisica-05-dinamica.md	115	PERSONA	nacimiento o muerte	De acuerdo con el libro de Física, ¿en qué año nació Newton y qué ocurrió ese mismo año?
fisica-perez-montiel/fisica-05-dinamica.md	116	PERSONA	autoria o merito	De conformidad con el libro de Física, ¿quién fue el primero en describir la forma en que actúa la gravedad y qué encontró?
fisica-perez-montiel/fisica-05-dinamica.md	126	PLANTILLA	apertura fuera de las establecidas	En relación con el ejemplo del libro de Física, ¿cuánto pesará en la Luna un hombre que pese 686 N (70 kg_f) en la Tierra?
fisica-perez-montiel/fisica-05-dinamica.md	127	PLANTILLA	apertura fuera de las establecidas	De acuerdo con el ejemplo del libro de Física, ¿qué le ocurre a la masa de ese hombre en la Luna y por qué?
fisica-perez-montiel/fisica-05-dinamica.md	143	PERSONA	autoria o merito	De conformidad con el libro de Física, ¿quién propuso la teoría del Big Bang y en qué año?
fisica-perez-montiel/fisica-05-dinamica.md	168	PLANTILLA	apertura fuera de las establecidas	En relación con el ejemplo del libro de Física, si deseamos mover un cuerpo horizontalmente aplicando una fuerza, ¿qué ocurre?
fisica-perez-montiel/fisica-05-dinamica.md	182	PLANTILLA	apertura fuera de las establecidas	De conformidad con el ejemplo del libro de Física, ¿qué ocurre cuando la fuerza se aplica exactamente en el punto de apoyo de la viga?
fisica-perez-montiel/fisica-05-dinamica.md	183	PLANTILLA	apertura fuera de las establecidas	En relación con la conclusión del libro de Física, ¿qué tipo de magnitud es el momento de una fuerza y cuál es su dirección?
fisica-perez-montiel/fisica-05-dinamica.md	189	PLANTILLA	apertura fuera de las establecidas	En relación con los ejemplos del libro de Física, ¿cuál de estos cuerpos tiene centroide y cuál centro de gravedad?
fisica-perez-montiel/fisica-05-dinamica.md	197	PLANTILLA	apertura fuera de las establecidas	De conformidad con el ejemplo del libro de Física, ¿por qué los autos de carreras tienen su centro de gravedad lo más bajo posible?
fisica-perez-montiel/fisica-05-dinamica.md	203	PLANTILLA	apertura fuera de las establecidas	De conformidad con la nota del libro de Física, ¿a qué dos tipos de movimiento puede reducirse para su estudio cualquier movimiento, por complejo que sea?
fisica-perez-montiel/fisica-05-dinamica.md	218	PLANTILLA	apertura fuera de las establecidas	De conformidad con el pie de figura del libro de Física, ¿a qué se debe principalmente la contaminación urbana en forma de esmog?
fisica-perez-montiel/fisica-05-dinamica.md	291	VISUAL	esquema/figura/tabla	En relación con el libro de Física, ¿qué es un satélite natural de acuerdo con el pie de la figura 5.20?
fisica-perez-montiel/fisica-05-dinamica.md	380	PERSONA	autoria o merito	De conformidad con el libro de Física, ¿quién fue Julio Verne?
fisica-perez-montiel/fisica-06-materia.md	34	PERSONA	autoria o merito	De acuerdo con el libro de Física, el movimiento browniano fue descubierto en 1827 por el científico escocés:
fisica-perez-montiel/fisica-09-hidrodinamica.md	1	PERSONA	gentilicio de cientifico	En relación con el libro de Física, ¿qué descubrió el físico suizo Daniel Bernoulli al estudiar el comportamiento de los líquidos?
fisica-perez-montiel/fisica-11-termologia.md	151	VISUAL	esquema/figura/tabla	De conformidad con el libro de Física, según la figura 11.20, ¿de qué está hecha la pared diatérmica?
fisica-perez-montiel/fisica-11-termologia.md	152	VISUAL	esquema/figura/tabla	En relación con el libro de Física, según la figura 11.21, ¿de qué está hecha la pared adiabática?
fisica-perez-montiel/fisica-11-termologia.md	162	VISUAL	esquema/figura/tabla	De acuerdo con el libro de Física, según la figura 11.22, si los sistemas A y B están en equilibrio termodinámico con el sistema C, ¿qué sucede?
fisica-perez-montiel/fisica-11-termologia.md	165	PERSONA	autoria o merito	De acuerdo con el libro de Física, ¿quién propuso a fines del siglo XVIII que el calentamiento causado por la fricción se debía a la transformación de la energí
fisica-perez-montiel/fisica-11-termologia.md	204	PERSONA	gentilicio de cientifico	De acuerdo con el libro de Física, ¿qué dice el enunciado de la segunda ley formulado por el físico alemán?
fisica-perez-montiel/fisica-11-termologia.md	205	PERSONA	gentilicio de cientifico	De conformidad con el libro de Física, ¿qué dice el enunciado del físico inglés William Thomson Kelvin?
fisica-perez-montiel/fisica-12-electricidad.md	5	PERSONA	gentilicio de cientifico	En relación con el libro de Física, ¿qué investigó el físico inglés Joseph Thomson?
fisica-perez-montiel/fisica-12-electricidad.md	91	PERSONA	autoria o merito	En relación con el libro de Física, ¿quién fue Gustav Robert Kirchhoff y qué propuso?
fisica-perez-montiel/fisica-14-electromagnetismo.md	7	PERSONA	autoria o merito	En relación con el libro de Física, ¿quién inventó el motor de inducción, y en qué año?
fisica-perez-montiel/fisica-14-electromagnetismo.md	54	PERSONA	autoria o merito	En relación con el libro de Física, ¿quién inventó el transformador, y bajo qué principio funciona?
fisica-serway/fisica-05-leyes-del-movimiento.md	13	PERSONA	autoria o merito	De acuerdo con el libro de Física, ¿quién fue el primero en considerar un planteamiento diferente del movimiento, concluyendo que la naturaleza de un objeto es 
geografia-lucio-victorio/geografia-02-ubicacion-tierra-universo.md	7	PERSONA	autoria o merito	De acuerdo con el libro de Geografía, ¿quién fue el primero en sostener que la Tierra es esférica?
geografia-lucio-victorio/geografia-03-representacion-tierra.md	156	VISUAL	esquema/figura/tabla	En relación con el libro de Geografía, ¿qué representa la Figura 3.13?
geografia-lucio-victorio/geografia-04-litosfera.md	81	VISUAL	esquema/figura/tabla	En relación con el libro de Geografía, según la Figura 4.26, ¿qué dos factores de contaminación ambiental se muestran?
geografia-lucio-victorio/geografia-04-litosfera.md	107	VISUAL	esquema/figura/tabla	De conformidad con el libro de Geografía, según la Figura 4.27, ¿qué se muestra?
geografia-lucio-victorio/geografia-05-hidrosfera.md	125	VISUAL	esquema/figura/tabla	De conformidad con el libro de Geografía, según la Figura 5.5, ¿qué ejemplos de mares y golfos se muestran?
geografia-lucio-victorio/geografia-05-hidrosfera.md	126	VISUAL	esquema/figura/tabla	En relación con el libro de Geografía, según la Figura 5.6, ¿qué es en realidad el llamado Mar de Galilea?
geografia-lucio-victorio/geografia-05-hidrosfera.md	209	VISUAL	esquema/figura/tabla	De conformidad con el libro de Geografía, según la Figura 5.10, ¿qué modifica la Corriente del Golfo de México?
geografia-lucio-victorio/geografia-06-atmosfera.md	42	PERSONA	autoria o merito	En relación con el libro de Geografía, ¿a raíz de qué fue descubierta la ionósfera?
geografia-lucio-victorio/geografia-06-atmosfera.md	43	PERSONA	autoria o merito	De acuerdo con el libro de Geografía, ¿en qué año y con qué acontecimiento fue descubierta la exósfera?
geografia-lucio-victorio/geografia-06-atmosfera.md	212	PLANTILLA	apertura fuera de las establecidas	De acuerdo con el Cuadro 6.1 del libro de Geografía, ¿cuáles son los elementos integrantes del clima?
geografia-lucio-victorio/geografia-06-atmosfera.md	213	PLANTILLA	apertura fuera de las establecidas	Según el Cuadro 6.1 del libro de Geografía, ¿cuáles son los factores que influyen sobre el clima?
geografia-lucio-victorio/geografia-06-atmosfera.md	223	PLANTILLA	apertura fuera de las establecidas	De acuerdo con el Cuadro 6.2 del libro de Geografía, ¿qué promedios de temperatura y precipitaciones caracterizan al clima tropical lluvioso (letra A de Köppen)
geografia-lucio-victorio/geografia-06-atmosfera.md	224	PLANTILLA	apertura fuera de las establecidas	Según el Cuadro 6.2 del libro de Geografía, ¿qué vegetación corresponde al clima seco (letra B de Köppen)?
geografia-lucio-victorio/geografia-06-atmosfera.md	225	PLANTILLA	apertura fuera de las establecidas	De conformidad con el Cuadro 6.2 del libro de Geografía, ¿cómo son los promedios de temperatura del clima templado húmedo (letra C de Köppen)?
geografia-lucio-victorio/geografia-06-atmosfera.md	226	PLANTILLA	apertura fuera de las establecidas	Según el Cuadro 6.2 del libro de Geografía, ¿qué tipo de vegetación corresponde al clima frío húmedo (letra D de Köppen)?
geografia-lucio-victorio/geografia-06-atmosfera.md	227	PLANTILLA	apertura fuera de las establecidas	De acuerdo con el Cuadro 6.2 del libro de Geografía, ¿cómo son las precipitaciones pluviales del clima polar (letra E de Köppen)?
geografia-lucio-victorio/geografia-06-atmosfera.md	228	PLANTILLA	apertura fuera de las establecidas	Según el Cuadro 6.2 del libro de Geografía, ¿qué caracteriza a los promedios de temperatura del clima vertical o de montaña (letra H de Köppen)?
geografia-lucio-victorio/geografia-06-atmosfera.md	247	PLANTILLA	apertura fuera de las establecidas	De acuerdo con el Cuadro 6.3 del libro de Geografía, ¿dónde se localiza el subtipo climático Af (ecuatorial, tipo guineo, y subecuatorial, tipo sudanés)?
geografia-lucio-victorio/geografia-06-atmosfera.md	248	PLANTILLA	apertura fuera de las establecidas	Según el Cuadro 6.3 del libro de Geografía, ¿cómo se denomina también el subtipo climático Am, localizado en casi todo el estado de Tamaulipas y parte de Nuevo 
geografia-lucio-victorio/geografia-06-atmosfera.md	249	PLANTILLA	apertura fuera de las establecidas	De conformidad con el Cuadro 6.3 del libro de Geografía, ¿cómo se denomina el subtipo Aw, localizado en la península de Yucatán, las llanuras costeras de Veracr
geografia-lucio-victorio/geografia-06-atmosfera.md	250	PLANTILLA	apertura fuera de las establecidas	Según el Cuadro 6.3 del libro de Geografía, ¿cómo se denomina también el subtipo climático BS, localizado en las Llanuras Boreales y las llanuras costeras de So
geografia-lucio-victorio/geografia-06-atmosfera.md	251	PLANTILLA	apertura fuera de las establecidas	De acuerdo con el Cuadro 6.3 del libro de Geografía, ¿cómo se denomina el subtipo BW, localizado en la península de Baja California, el noroeste de Sonora y las
geografia-lucio-victorio/geografia-06-atmosfera.md	252	PLANTILLA	apertura fuera de las establecidas	Según el Cuadro 6.3 del libro de Geografía, ¿cómo se denomina también el subtipo Cf, localizado en la vertiente oriental de la Sierra Madre Oriental (San Luis P
geografia-lucio-victorio/geografia-06-atmosfera.md	253	PLANTILLA	apertura fuera de las establecidas	De conformidad con el Cuadro 6.3 del libro de Geografía, ¿cómo se denomina el subtipo Cw, localizado en la Meseta Central Mexicana y regiones montañosas de Guer
geografia-lucio-victorio/geografia-06-atmosfera.md	254	PLANTILLA	apertura fuera de las establecidas	Según el Cuadro 6.3 del libro de Geografía, ¿cómo se denomina el subtipo Cs, localizado en el noroeste de Baja California?
geografia-lucio-victorio/geografia-06-atmosfera.md	255	PLANTILLA	apertura fuera de las establecidas	De acuerdo con el Cuadro 6.3 del libro de Geografía, ¿cómo se denomina también el subtipo Cx', localizado en la Sierra Madre Occidental (Sonora, Chihuahua, Sina
geografia-lucio-victorio/geografia-06-atmosfera.md	256	PLANTILLA	apertura fuera de las establecidas	Según el Cuadro 6.3 del libro de Geografía, ¿en cuáles de las montañas mexicanas se localiza el subtipo climático ETH (frío de altura), de 3,200 a 4,300 m de al
geografia-lucio-victorio/geografia-06-atmosfera.md	257	PLANTILLA	apertura fuera de las establecidas	De conformidad con el Cuadro 6.3 del libro de Geografía, ¿a partir de qué altitud se presenta el subtipo climático EFH (polar de altura o glacial), y dónde?
geografia-lucio-victorio/geografia-06-atmosfera.md	269	PLANTILLA	apertura fuera de las establecidas	De conformidad con la cita del libro de Geografía sobre la contaminación ambiental, ¿qué hemos vivido creyendo sobre la naturaleza durante mucho tiempo, y qué d
geografia-lucio-victorio/geografia-06-atmosfera.md	270	MARCO	cita o epigrafe	Según la cita del libro de Geografía, ¿qué se nos ha enseñado fundamentalmente desde hace dos siglos, y frente a lo cual debemos adoptar una posición contraria?
historia-mexico-menchaca/historia-mexico-02-poblamiento.md	192	PERSONA	autoria o merito	De acuerdo con el libro de Historia de México 1, ¿quién fue el último soberano tolteca y qué ordenó al abandonar la ciudad en el 1160 d. C.?
historia-mexico-menchaca/historia-mexico-03-conquista.md	44	SIN_ANTECEDENTE	pronombre "lo" sin nombrar antes a quién se refiere	De conformidad con el libro de Historia de México 1, Moctezuma recibió pacíficamente a Cortés y lo hospedó en sus palacios; ¿qué hizo Cortés a continuación?
historia-mexico-menchaca/historia-mexico-03-conquista.md	52	PERSONA	autoria o merito	De acuerdo con el libro de Historia de México 1, tras la muerte de Cuitláhuac, ¿quién fue elegido sucesor y defendería la ciudad en el sitio?
historia-mexico-menchaca/historia-mexico-03-conquista.md	63	SIN_ANTECEDENTE	pronombre "le" sin nombrar antes a quién se refiere	De acuerdo con el libro de Historia de México 1, la conquista del norte, de los chichimecas, se prolongó durante 40 años; ¿con qué nombre se le denominó?
historia-mexico-menchaca/historia-mexico-03-conquista.md	94	PERSONA	autoria o merito	En relación con el libro de Historia de México 1, de los tres franciscanos que arribaron en 1523, ¿quién fue el único que pudo realizar su labor evangelizadora?
historia-mexico-menchaca/historia-mexico-03-conquista.md	127	PERSONA	autoria o merito	En relación con el libro de Historia de México 1, ¿quién fue el primer fraile mercedario que llegó a la Nueva España?
historia-mexico-menchaca/historia-mexico-05-independencia.md	55	SIN_ANTECEDENTE	pronombre "le" sin nombrar antes a quién se refiere	De acuerdo con el libro de Historia de México 1, ¿cómo se le llamó al acontecimiento que se presentó entre 1785 y 1786, en el cual la escasez agrícola se combin
historia-mexico-menchaca/historia-mexico-05-independencia.md	64	PERSONA	autoria o merito	De acuerdo con el libro de Historia de México 1, en noviembre de 1761, ¿quién llamó a los mayas a la rebelión en Cisteil, Yucatán?
historia-mexico-menchaca/historia-mexico-05-independencia.md	70	PERSONA	autoria o merito	De acuerdo con el libro de Historia de México 1, ¿quién fue señalado como el principal responsable de la conjura de 1563?
historia-mexico-menchaca/historia-mexico-05-independencia.md	72	PERSONA	autoria o merito	De acuerdo con el libro de Historia de México 1, en 1793, ¿quién trazó un plan para independizar a la Colonia, pero fue descubierto y encarcelado?
historia-mexico-menchaca/historia-mexico-05-independencia.md	114	SIN_ANTECEDENTE	pronombre "lo" sin nombrar antes a quién se refiere	De acuerdo con el libro de Historia de México 1, tras la derrota, un Consejo de guerra despojó a Hidalgo del cargo de generalísimo, ¿a quién se lo transfirieron
historia-mexico-menchaca/historia-mexico-05-independencia.md	176	PERSONA	nacimiento o muerte	De acuerdo con el libro de Historia de México 1, ¿cuándo murió Hermenegildo Galeana, hecho que mermó aún más la moral del Siervo de la Nación?
historia-mexico-menchaca/historia-mexico-05-independencia.md	178	PERSONA	nacimiento o muerte	De acuerdo con el libro de Historia de México 1, ¿dónde y cuándo murió fusilado José María Morelos?
historia-mexico-menchaca/historia-mexico-05-independencia.md	218	SIN_ANTECEDENTE	pronombre "lo" sin nombrar antes a quién se refiere	En relación con el libro de Historia de México 1, perseguido por la Corona, Mina se refugió en Inglaterra; ¿a quién conoció ahí, que lo convenció de luchar por 
historia-mexico-menchaca/historia-mexico-05-independencia.md	292	PERSONA	autoria o merito	En relación con el libro de Historia de México 1, según el propio libro, ¿quién fue el artífice de la Independencia, aunque haya sido por intereses personales?
larson-precalculo/matematicas-01-fundamentos-algebra.md	218	PERSONA	autoria o merito	De conformidad con el libro de Matemáticas, ¿quién inventó los logaritmos y de qué nacionalidad era?
larson-precalculo/matematicas-03-fundamentos-geometria-analitica.md	59	VISUAL	esquema/figura/tabla	De conformidad con el libro de Matemáticas, según la figura 3.30, ¿cuáles son las cuatro cónicas básicas?
larson-precalculo/matematicas-03-fundamentos-geometria-analitica.md	60	VISUAL	esquema/figura/tabla	En relación con el libro de Matemáticas, según la figura 3.31, ¿cuáles son las cónicas degeneradas?
larson-precalculo/matematicas-03-fundamentos-geometria-analitica.md	79	VISUAL	esquema/figura/tabla	De conformidad con el libro de Matemáticas, con base en la figura 3.37 y usando un punto como vértice, ¿a qué es igual la suma constante de las distancias desde
zill-atg/zill-02-conceptos-fundamentales-algebra.md	2	PERSONA	autoria o merito	De conformidad con el libro de Geometría Analítica, ¿quién fue el más grande matemático francés del siglo XVI?
zill-atg/zill-04-coordenadas-rectangulares.md	27	VISUAL	esquema/figura/tabla	En relación con el libro de Geometría Analítica, ¿cómo se llama cada una de las cuatro gráficas (mitad superior, inferior, derecha e izquierda) de la figura 4.2
zill-atg/zill-08-trigonometria-triangulo-rectangulo.md	2	PERSONA	autoria o merito	En relación con el libro de Geometría Analítica, según la reseña histórica, ¿quién fue uno de los principales inventores de la trigonometría y qué elaboró?
zill-atg/zill-08-trigonometria-triangulo-rectangulo.md	3	PERSONA	autoria o merito	En relación con el libro de Geometría Analítica, según la reseña histórica, ¿quién fue el primer matemático europeo que definió las funciones trigonométricas di
zill-atg/zill-08-trigonometria-triangulo-rectangulo.md	18	VISUAL	esquema/figura/tabla	En relación con el libro de Geometría Analítica, según la Tabla 8.1.1, ¿cuál es la medida en radianes de los ángulos de 30°, 45°, 60° y 90°?
zill-atg/zill-08-trigonometria-triangulo-rectangulo.md	45	VISUAL	esquema/figura/tabla	En relación con el libro de Geometría Analítica, según la Tabla 8.3.1, ¿cuáles son los valores exactos de la tangente de 30°, 45° y 60°?
zill-atg/zill-08-trigonometria-triangulo-rectangulo.md	53	VISUAL	esquema/figura/tabla	En relación con el libro de Geometría Analítica, según la Figura 8.4.5, ¿qué funciones trigonométricas son positivas en cada cuadrante?
zill-atg/zill-09-trigonometria-circulo-unitario.md	21	VISUAL	esquema/figura/tabla	En relación con el libro de Geometría Analítica, en la gráfica de y = A sen x o y = A cos x, ¿qué es la amplitud y cuánto vale para las funciones básicas?
zill-atg/zill-10-aplicaciones-trigonometria.md	3	PLANTILLA	apertura fuera de las establecidas	En relación con la identificación normal de un triángulo rectángulo (Figura 10.1.1), ¿en qué vértice se sitúa el ángulo recto?
zill-atg/zill-10-aplicaciones-trigonometria.md	13	PLANTILLA	apertura fuera de las establecidas	De conformidad con el Teorema 10.3.1 (ley de los senos), si los ángulos de un triángulo son α, β y γ, y los lados opuestos de longitud a, b y c, ¿qué igualdad s
zill-atg/zill-10-aplicaciones-trigonometria.md	24	PLANTILLA	apertura fuera de las establecidas	De conformidad con el Teorema 10.4.1 (ley de los cosenos), si los ángulos son α, β y γ y los lados opuestos a ellos son a, b y c, ¿qué igualdad se cumple para a
zill-atg/zill-10-aplicaciones-trigonometria.md	29	PLANTILLA	apertura fuera de las establecidas	De conformidad con las Notas del aula del libro de Geometría Analítica, ¿qué indica el término "oblicuo"?
zill-atg/zill-10-aplicaciones-trigonometria.md	30	VISUAL	esquema/figura/tabla	De acuerdo con la tabla de las Notas del aula del libro de Geometría Analítica, para un triángulo oblicuo del que se conocen los tres lados, ¿cuál es la técnica
zill-atg/zill-10-aplicaciones-trigonometria.md	31	VISUAL	esquema/figura/tabla	Según la tabla de las Notas del aula del libro de Geometría Analítica, para un triángulo oblicuo del que se conocen dos ángulos y un lado, ¿cuál es la técnica m
zill-atg/zill-10-aplicaciones-trigonometria.md	32	PLANTILLA	apertura fuera de las establecidas	En relación con las Notas del aula del libro de Geometría Analítica, cuando se dan los tres lados y la longitud del lado más largo es mayor o igual a la suma de
zill-atg/zill-10-aplicaciones-trigonometria.md	33	PLANTILLA	apertura fuera de las establecidas	De conformidad con las Notas del aula del libro de Geometría Analítica, si al aplicar la ley de los senos se obtiene un valor mayor que 1 para el seno de un áng
zill-atg/zill-10-aplicaciones-trigonometria.md	37	PLANTILLA	apertura fuera de las establecidas	De acuerdo con el Teorema 10.5.1 del libro de Geometría Analítica, en la reducción c₁ cos Bx + c₂ sen Bx = A sen(Bx + φ), ¿cómo se define la amplitud A?
zill-atg/zill-10-aplicaciones-trigonometria.md	38	PLANTILLA	apertura fuera de las establecidas	Según el Teorema 10.5.1 del libro de Geometría Analítica, en la reducción c₁ cos Bx + c₂ sen Bx = A sen(Bx + φ), ¿cómo queda tan φ?
zill-atg/zill-10-aplicaciones-trigonometria.md	41	PLANTILLA	apertura fuera de las establecidas	Según la Definición 10.5.1 del libro de Geometría Analítica, un punto que se mueve en una línea de coordenadas cuya posición en el momento t está dada por y(t) 
zill-atg/zill-10-aplicaciones-trigonometria.md	42	PLANTILLA	apertura fuera de las establecidas	De conformidad con la terminología del libro de Geometría Analítica, en el modelo del movimiento armónico simple, ¿a qué es igual ω?
zill-atg/zill-10-aplicaciones-trigonometria.md	58	PLANTILLA	apertura fuera de las establecidas	De acuerdo con la convención del libro de Geometría Analítica, ¿en qué intervalo se toma el argumento θ de un número complejo?
zill-atg/zill-10-aplicaciones-trigonometria.md	59	PLANTILLA	apertura fuera de las establecidas	Según el Teorema 10.6.1 del libro de Geometría Analítica, si z₁ = r₁(cos θ₁ + i sen θ₁) y z₂ = r₂(cos θ₂ + i sen θ₂), ¿cuál es el producto z₁z₂?
zill-atg/zill-10-aplicaciones-trigonometria.md	60	PLANTILLA	apertura fuera de las establecidas	De conformidad con el Teorema 10.6.1 del libro de Geometría Analítica, si z₁ = r₁(cos θ₁ + i sen θ₁) y z₂ = r₂(cos θ₂ + i sen θ₂), con r₂ ≠ 0, ¿cuál es el cocie
zill-atg/zill-10-aplicaciones-trigonometria.md	63	PERSONA	gentilicio de cientifico	Según el libro de Geometría Analítica, ¿qué matemático francés da nombre al teorema para calcular las potencias de un número complejo?
zill-atg/zill-10-aplicaciones-trigonometria.md	64	PLANTILLA	apertura fuera de las establecidas	De conformidad con el Teorema 10.7.1 (teorema de DeMoivre), si z = r(cos θ + i sen θ) y n es un entero positivo, ¿a qué es igual zⁿ?
zill-atg/zill-10-aplicaciones-trigonometria.md	67	PLANTILLA	apertura fuera de las establecidas	De conformidad con el Teorema 10.7.2 (raíces complejas), si z = r(cos θ + i sen θ) y n es un entero positivo, ¿cuál es la fórmula de las n raíces n-ésimas compl
zill-atg/zill-10-aplicaciones-trigonometria.md	68	PLANTILLA	apertura fuera de las establecidas	De acuerdo con el Teorema 10.7.2 del libro de Geometría Analítica, ¿qué valores toma k para obtener las n raíces distintas de z?
zill-atg/zill-11-temas-geometria-analitica.md	4	PLANTILLA	apertura fuera de las establecidas	Según la Definición 11.1.1 del libro de Geometría Analítica, ¿qué es una parábola?
zill-atg/zill-11-temas-geometria-analitica.md	18	PLANTILLA	apertura fuera de las establecidas	Según la Definición 11.2.1 del libro de Geometría Analítica, ¿qué es una elipse?
zill-atg/zill-11-temas-geometria-analitica.md	19	PLANTILLA	apertura fuera de las establecidas	De acuerdo con la Definición 11.2.1 del libro de Geometría Analítica, ¿cómo se llaman los dos puntos fijos F₁ y F₂ de una elipse?
zill-atg/zill-11-temas-geometria-analitica.md	20	PLANTILLA	apertura fuera de las establecidas	De conformidad con la Definición 11.2.1 del libro de Geometría Analítica, ¿cómo se llama el punto medio del segmento de recta que une a los focos F₁ y F₂?
zill-atg/zill-11-temas-geometria-analitica.md	35	PLANTILLA	apertura fuera de las establecidas	Según la Definición 11.3.1 del libro de Geometría Analítica, ¿qué es una hipérbola?
zill-atg/zill-11-temas-geometria-analitica.md	37	PLANTILLA	apertura fuera de las establecidas	De conformidad con la Definición 11.3.1 del libro de Geometría Analítica, ¿cómo se llaman los dos puntos fijos F₁ y F₂ de una hipérbola?
zill-atg/zill-11-temas-geometria-analitica.md	38	PLANTILLA	apertura fuera de las establecidas	Según la Definición 11.3.1 del libro de Geometría Analítica, ¿cómo se llama el punto medio del segmento de la recta que une los focos F₁ y F₂ de una hipérbola?
zill-atg/zill-11-temas-geometria-analitica.md	42	PLANTILLA	apertura fuera de las establecidas	De acuerdo con la precaución del libro de Geometría Analítica, en la forma normal de la hipérbola (a diferencia de la elipse), ¿qué se cumple respecto a a² y b²
zill-atg/zill-11-temas-geometria-analitica.md	56	PLANTILLA	apertura fuera de las establecidas	De acuerdo con las ecuaciones de rotación (4) del libro de Geometría Analítica, ¿cómo se convierten las coordenadas xy de un punto P en las nuevas coordenadas x
zill-atg/zill-11-temas-geometria-analitica.md	57	PLANTILLA	apertura fuera de las establecidas	Según las ecuaciones de rotación (5) del libro de Geometría Analítica, ¿cómo se convierten las coordenadas x'y' de un punto P en coordenadas xy?
zill-atg/zill-11-temas-geometria-analitica.md	58	PLANTILLA	apertura fuera de las establecidas	De conformidad con el Teorema 11.4.1 del libro de Geometría Analítica, el término xy se puede eliminar de la ecuación general de segundo grado (con B ≠ 0) media
zill-atg/zill-11-temas-geometria-analitica.md	61	PLANTILLA	apertura fuera de las establecidas	Según el Teorema 11.4.2 del libro de Geometría Analítica (excluyendo los casos degenerados), la gráfica de la ecuación de segundo grado es una parábola cuando:
zill-atg/zill-11-temas-geometria-analitica.md	62	PLANTILLA	apertura fuera de las establecidas	De conformidad con el Teorema 11.4.2 del libro de Geometría Analítica (excluyendo los casos degenerados), la gráfica de la ecuación de segundo grado es una elip
zill-atg/zill-11-temas-geometria-analitica.md	63	PLANTILLA	apertura fuera de las establecidas	Según el Teorema 11.4.2 del libro de Geometría Analítica (excluyendo los casos degenerados), la gráfica de la ecuación de segundo grado es una hipérbola cuando:
zill-atg/zill-11-temas-geometria-analitica.md	65	PLANTILLA	apertura fuera de las establecidas	Según la Definición 11.5.1 del libro de Geometría Analítica, ¿qué es una curva plana (o curva en el plano)?
zill-atg/zill-11-temas-geometria-analitica.md	66	PLANTILLA	apertura fuera de las establecidas	De conformidad con la Definición 11.5.1 del libro de Geometría Analítica, ¿cómo se llaman las ecuaciones x = f(t), y = g(t) (para t en I) de una curva C?
zill-atg/zill-11-temas-geometria-analitica.md	67	PLANTILLA	apertura fuera de las establecidas	Según la Definición 11.5.1 del libro de Geometría Analítica, ¿cómo se llama la variable t en las ecuaciones paramétricas?
zill-atg/zill-12-coordenadas-polares.md	2	PERSONA	autoria o merito	En relación con el libro de Geometría Analítica, según la reseña histórica, ¿quién acuñó el término "coordenadas polares"?
